Identificador de URL,Nombre,Categorías,Nombre de propiedad 1,Valor de propiedad 1,Nombre de propiedad 2,Valor de propiedad 2,Nombre de propiedad 3,Valor de propiedad 3,Precio,Precio promocional,Peso,Alto,Ancho,Profundidad,Stock,SKU,Código de barras,Mostrar en tienda,Envío sin cargo,Descripción,Tags,Título para SEO,Descripción para SEO,Marca,Producto físico,MPN,Sexo,Rango de edad,Costo
ish-london-botanical,ISH London Botanical,Gin,,,,,,,45000,,1.3,,,,,ZLV-GIN-700,,SI,NO,"<p>Un gin sin alcohol con carácter real: enebro, semillas de coriandro y cáscara de naranja amarga. Pensado para tu Gin &amp; Tonic o Negroni de siempre, sin una gota de alcohol.</p>
<h3>Notas de cata</h3>
<p>Enebro, coriandro y cáscara de naranja amarga, con un final seco y botánico.</p>
<h3>Cómo tomarlo</h3>
<p>Sobre mucho hielo con agua tónica premium y un twist de pomelo o una rama de romero.</p>
<h3>Ingredientes</h3>
<p>Agua, extractos botánicos naturales (enebro, coriandro, cáscara de cítricos), acidulante natural.</p>
<p><strong>Origen:</strong> ISH · Copenhague, Dinamarca<br>
<strong>Presentación:</strong> 700 ml · 0,0% alc.</p>","gin, sin alcohol, ish, para tu bar en casa, para regalar, sin azucar","ISH London Botanical · Gin sin alcohol 0,0% | ZELVA","Gin sin alcohol premium con enebro, coriandro y naranja amarga. 700 ml, 0,0% alc. Envíos a todo el país.",ISH,SI,,,,
ish-caribbean-spiced,ISH Caribbean Spiced,Ron,,,,,,,45000,,1.3,,,,,ZLV-RON-700,,SI,NO,"<p>Un destilado sin alcohol que captura el calor de un ron especiado: vainilla de Madagascar, nuez moscada y manzana horneada. Ideal para tu Cuba Libre o Mojito.</p>
<h3>Notas de cata</h3>
<p>Vainilla de Madagascar, nuez moscada y roble tostado. Cálido y especiado.</p>
<h3>Cómo tomarlo</h3>
<p>Con cola y una rodaja de lima para un Cuba Libre, o en un Mojito bien fresco.</p>
<h3>Ingredientes</h3>
<p>Agua, extractos naturales de especias (vainilla, nuez moscada), notas de roble, acidulante natural.</p>
<p><strong>Origen:</strong> ISH · Copenhague, Dinamarca<br>
<strong>Presentación:</strong> 700 ml · 0,0% alc.</p>","ron, sin alcohol, ish, para tu bar en casa, para regalar","ISH Caribbean Spiced · Ron sin alcohol 0,0% | ZELVA","Ron especiado sin alcohol con vainilla de Madagascar y nuez moscada. 700 ml, 0,0% alc. Envíos a todo el país.",ISH,SI,,,,
ish-sparkling-white,ISH Sparkling White,Espumante,,,,,,,45000,,1.4,,,,,ZLV-ESP-750,,SI,NO,"<p>Espumante sin alcohol de uvas blancas, con burbuja fina y elegante. Para brindar sin resignar nada, o como base de cocktails de autor.</p>
<h3>Notas de cata</h3>
<p>Uvas blancas, burbuja fina y un final fresco y limpio.</p>
<h3>Cómo tomarlo</h3>
<p>Bien frío en copa flauta, solo, o como base de un French 75 o un Passion Martini.</p>
<h3>Ingredientes</h3>
<p>Mosto de uva desalcoholizado, agua carbonatada, acidulante natural.</p>
<p><strong>Origen:</strong> ISH · Copenhague, Dinamarca<br>
<strong>Presentación:</strong> 750 ml · 0,0% alc.</p>","espumante, sin alcohol, ish, para regalar, para eventos","ISH Sparkling White · Espumante sin alcohol 0,0% | ZELVA","Espumante sin alcohol de uvas blancas, burbuja fina. 750 ml, 0,0% alc. Envíos a todo el país.",ISH,SI,,,,
kit-gin-tonic,Kit Gin Tonic,Kits y regalos,,,,,,,52000,,2.2,,,,,ZLV-KIT-GT,,SI,NO,"<p>Todo para el clásico perfecto, listo para servir.</p>
<h3>Qué incluye</h3>
<ul>
  <li>ISH London Botanical</li>
  <li>2 aguas tónicas premium</li>
  <li>Botánicos para garnish</li>
</ul>","kit, gin, para regalar, para tu bar en casa",Kit Gin Tonic sin alcohol | ZELVA,"Kit completo para tu Gin Tonic sin alcohol: ISH London Botanical, tónicas premium y botánicos.",ZELVA,SI,,,,
kit-bar-en-casa,Kit Bar en Casa,Kits y regalos,,,,,,,128000,,4.5,,,,,ZLV-KIT-BAR,,SI,NO,"<p>Las tres botellas para armar tu barra sin alcohol.</p>
<h3>Qué incluye</h3>
<ul>
  <li>ISH London Botanical</li>
  <li>ISH Caribbean Spiced</li>
  <li>ISH Sparkling White</li>
  <li>Recetario impreso</li>
</ul>","kit, para tu bar en casa, para regalar",Kit Bar en Casa · 3 botellas sin alcohol | ZELVA,Las tres botellas ISH sin alcohol más recetario impreso para armar tu barra en casa.,ZELVA,SI,,,,
kit-regalo,Kit Regalo,Kits y regalos,Botella,Gin,,,,,58000,,2.0,,,,,ZLV-KIT-REG-GIN,,SI,NO,"<p>Una botella a elección, copa de autor y packaging listo para regalar.</p>
<h3>Qué incluye</h3>
<ul>
  <li>1 botella ISH a elección</li>
  <li>Copa de coctelería</li>
  <li>Caja de regalo + tarjeta</li>
</ul>","kit, para regalar, para eventos",Kit Regalo sin alcohol · botella a elección | ZELVA,"Kit de regalo con una botella ISH sin alcohol a elección, copa de coctelería y packaging.",ZELVA,SI,,,,
kit-regalo,,,Botella,Ron,,,,,58000,,2.0,,,,,ZLV-KIT-REG-RON,,SI,NO,,,,,,,,,,
kit-regalo,,,Botella,Espumante,,,,,58000,,2.0,,,,,ZLV-KIT-REG-ESP,,SI,NO,,,,,,,,,,
